Address Space,IP Query,Prefix,Forest,EOP DC,IPAM DC,Region,Title,New Title,Prefix ID
Default,25.154.189.4,25.154.189.0/25,CAN01,TO1,YTO20,Canada Central,"EOP: NAM-YTOCAN01 - IPv4_CAP - IPv4_Unknown","EOP: CAN01-TO1 - IPv4_CAP - IPv4_Unknown",e991b9f9-e44a-4801-aeaf-53dd38ee4a04
Default,2001:489a:203:b::,2001:489a:203:b::/64,SIT01,SN5,SN5-FX,USGov Texas,"EOP: ITAR-SN5USG01 - IPv6_CAP - IPV6_A_MGMT","EOP: SIT01-SN5USG01 - IPv6_CAP - IPV6_A_MGMT",938b77a3-3185-420e-9449-495db8b23b1b
Default,10.24.152.17,10.24.152.0/24,APAC,HK1,HK1,East Asia,"EOP: APC-HK1FSPROD - IPv4_CAP - INFRA","EOP: APAC-HK1FSPROD - IPv4_CAP - INFRA",f6f2e00a-fb09-46fe-91dd-2578e008ec9b
Default,10.24.151.8,10.24.151.0/24,APAC,HK1,HK1,East Asia,"EOP: APC-HK1FSPROD - IPv4_CAP - CORE","EOP: APAC-HK1FSPROD - IPv4_CAP - CORE",0f032007-5085-402d-a6df-e858fced0b00
Default,207.46.51.106,207.46.51.96/27,APAC,HK1,HK1,East Asia,"EOP: APC-HK1GAS01 - IPv4_Anchor - TBD","EOP: APAC-HK1GAS01 - IPv4_Anchor - TBD",d593ff35-62b8-4af7-b072-2797c30cff02
Default,134.170.140.244,134.170.140.0/24,APAC,HK1,HK1,East Asia,"EOP: APC-HK1FSPROD - IPv4_Anchor - IPV4_HRI","EOP: APAC-HK1FSPROD - IPv4_Anchor - IPV4_HRI",5b96b85c-4cfe-4004-a3eb-dfb2b76204b5
Default,2a01:111:f400:fc18:0:0:0:299,2a01:111:f400:fc18::/64,APAC,HK1,HK1,East Asia,"EOP: GCC-HK1FSPROD - IPv6_Anchor - IPV6_HRI","EOP: APAC-HK1FSPROD - IPv6_Anchor - IPV6_HRI",0eef44f5-3222-4259-85c8-27a4f47961d8
Default,25.154.250.4,25.154.250.0/24,APAC,KU1,KUL01,APAC Southeast 2,"EOP: APC-KU1FSPROD - IPv4_CAP - IPV4_A_MGMTILO","EOP: APAC-KU1FSPROD - IPv4_CAP - IPV4_A_MGMTILO",6b2cbabb-6d76-40e9-9248-8252dace938b
Default,10.174.68.8,10.174.68.0/23,EMEA,AM1,AM1,West Europe,"EOP: EUR-AM1FSPROD - IPv4_ILO - IPv4_ILO","EOP: EMEA-AM1FSPROD - IPv4_ILO - IPv4_ILO",23687bd4-0f41-4991-a8cd-db35c82056e4
Default,213.199.154.23,213.199.154.0/27,EMEA,AM1,AM1,West Europe,"EOP: EUR-AM1FSPROD - IPv4_Anchor - IPV4_PUBOB","EOP: EMEA-AM1FSPROD - IPv4_Anchor - IPV4_PUBOB",37c0a52b-7bcc-4529-9480-56bed6da6628
Default,157.56.112.244,157.56.112.0/24,EMEA,AM1,AM1,West Europe,"EOP: EUR-AM1FSPROD - IPv4_Anchor - IPV4_HRI","EOP: EMEA-AM1FSPROD - IPv4_Anchor - IPV4_HRI",0229f2b9-5a01-42af-9344-b016d313eb1d
Default,2a01:111:f400:fe00:0:0:0:299,2a01:111:f400:fe00::/64,EMEA,AM1,AM1,West Europe,"EOP: EUR-AM1FSPROD - IPv6_Anchor - IPV6_HRI","EOP: EMEA-AM1FSPROD - IPv6_Anchor - IPV6_HRI",f2bef3ac-f12e-4a70-850b-8569fdad66fd
Default,10.47.220.14,10.47.220.0/23,EMEA,DB3,DB3,North Europe,"EOP: EUR-DB3FSPROD - IPv4_ILO - IPv4_ILO","EOP: EMEA-DB3FSPROD - IPv4_ILO - IPv4_ILO",8722668c-a406-4f00-aec2-2cefca5464d5
Default,10.47.216.18,10.47.216.0/23,EMEA,DB3,DB3,North Europe,"EOP: EUR-DB3FSPROD - IPv4_CAP - CORE","EOP: EMEA-DB3FSPROD - IPv4_CAP - CORE",c9da6536-e5ca-4733-afac-0fb52d7e32ad
Default,213.199.154.87,213.199.154.64/27,EMEA,DB3,DB3,North Europe,"EOP: EUR-DB3FSPROD - IPv4_Anchor - IPV4_PUBOB","EOP: EMEA-DB3FSPROD - IPv4_Anchor - IPV4_PUBOB",f8a107e3-b1cc-4842-afbf-b71ca53f024d
Default,157.55.234.244,157.55.234.0/24,EMEA,DB3,DB3,North Europe,"EOP: EUR-DB3FSPROD - IPv4_Anchor - IPV4_HRI","EOP: EMEA-DB3FSPROD - IPv4_Anchor - IPV4_HRI",97400f8c-c581-44c1-b0f5-42b66b48175d
Default,2a01:111:f400:fe04:0:0:0:299,2a01:111:f400:fe04::/64,EMEA,DB3,DB3,North Europe,"EOP: EUR-DB3FSPROD - IPv6_Anchor - IPV6_HRI","EOP: EMEA-DB3FSPROD - IPv6_Anchor - IPV6_HRI",357e764f-c2ba-4a24-9644-4f5af74bda83
Default,20.128.4.132,20.128.4.128/26,ARE01,AU2,AUH20,UAE Central,"EOP: EUR-AD2ARE01 - IPv4_ILO - TBD","EOP: ARE01-AU2 - IPv4_ILO - TBD",89ccc14b-26c7-4750-951f-da9a51ab6c8e
Default,10.233.246.5,10.233.246.0/23,ARE01,AU2,AUH20,UAE Central,"EOP: EUR-AD2ARE01 - IPv4_CAP - IPV4_CAP","EOP: ARE01-AU2 - IPv4_CAP - IPV4_CAP",427e7304-317c-4b9c-b768-4e26e0233917
Default,23.103.134.64,23.103.134.64/27,ARE01,AU2,AUH20,UAE Central,"EOP: EUR-AD2ARE01 - IPv4_Anchor - IPV4_PUBOB","EOP: ARE01-AU2 - IPv4_Anchor - IPV4_PUBOB",1b728109-3162-4694-b4ba-f0a085875eac
Default,2a01:111:f400:7ea6::,2a01:111:f400:7ea6::/64,ARE01,AU2,AUH20,UAE Central,"EOP: EUR-AD2ARE01 - IPv6_Anchor - IPV6_PUBOB","EOP: ARE01-AU2 - IPv6_Anchor - IPV6_PUBOB",9302b486-61d7-48e9-8822-3ebc2a363a46
Default,10.233.244.128,10.233.244.128/26,ARE01,AU2,AUH20,UAE Central,"EOP: EUR-AD2ARE01 - IPv4_CAP - IPV4_SONCAP","EOP: ARE01-AU2 - IPv4_CAP - IPV4_SONCAP",f9a04c5b-59fd-4e98-8618-3cfac03b38f9
Default,2a01:111:e400:3807::,2a01:111:e400:3807::/64,ARE01,AU2,AUH20,UAE Central,"EOP: EUR-AD2ARE01 - IPv6_ILO - IPV6_SONCAPILO","EOP: ARE01-AU2 - IPv6_ILO - IPV6_SONCAPILO",c03cbd4e-e554-4455-8631-2a6bdda5469b
Default,40.95.238.0,40.95.238.0/24,ARE01,AU2,AUH20,UAE Central,"EOP: APC-AD2ARE01 - IPv4_1022/1023 - IPv4_1022/1023","EOP: ARE01-AU2 - IPv4_1022/1023 - IPv4_1022/1023",26211091-242e-426d-8bb0-c2f3eeb13d83
Default,104.47.84.0,104.47.84.0/24,ARE01,AU2,AUH20,UAE Central,"EOP: APC-AD2ARE01 - IPv4_1701 - IPV4_HRI","EOP: ARE01-AU2 - IPv4_1701 - IPV4_HRI",0b8c7527-f35f-4e2a-81f5-3068bdafa04e
Default,40.94.229.0,40.94.229.0/24,ARE01,AU2,AUH20,UAE Central,"EOP: APC-AD2SAP01 - IPv4_Sonar - IPv4_Sonar","EOP: ARE01-AU2 - IPv4_Sonar - IPv4_Sonar",5abe1981-f6da-4870-a994-b07b435f1609
Default,25.154.245.4,25.154.245.0/24,AUS01,SY3,SYD03,Australia East,"EOP: APC-SY1Unknown - IPv4_CAP - IPv4_Unknown","EOP: AUS01-SY3 - IPv4_CAP - IPv4_Unknown",29e25bd5-ac1c-4278-bfe8-c1de92220bd6
Default,25.152.234.5,25.152.234.0/23,AUS01,SY3,SYD03,Australia East,"EOP: APC-SY1Unknown - IPv4_CAP - IPv4_Unknown","EOP: AUS01-SY3 - IPv4_CAP - IPv4_Unknown",5c420a23-deb4-4379-9326-516c5178a6be
Default,104.47.117.0,104.47.117.0/24,AUS01,SY3,SYD03,Australia East,"EOP: APC-SY1AUS01 - IPv4_1701 - IPV4_HRI","EOP: AUS01-SY3 - IPv4_1701 - IPV4_HRI",9afbd493-1187-4b3b-9a90-80bc2b04c159
Default,2a01:111:f400:feb5::,2a01:111:f400:feb5::/64,AUS01,SY3,SYD03,Australia East,"EOP: APC-SY1AUS01 - IPv6_Anchor - v_6 HRI","EOP: AUS01-SY3 - IPv6_Anchor - v_6 HRI",6e3dc8bb-b134-49b9-9968-39eea881003a
Default,2a01:111:e400:fcb5::,2a01:111:e400:fcb5::/64,AUS01,SY3,SYD03,Australia East,"EOP: APC-SY1AUS01 - IPv6_CAP - IPV6_SONCAP","EOP: AUS01-SY3 - IPv6_CAP - IPV6_SONCAP",e663fade-1570-4ca7-b511-0fa8d97ee19a
Default,21.3.245.0,21.3.245.0/24,AUS01,SY3,SYD03,Australia East,"EOP: APC-SY1AUS01 - IPv4_CAP - IPV4_SONCAPILO","EOP: AUS01-SY3 - IPv4_CAP - IPV4_SONCAPILO",4cfe2d25-cc14-4c59-be27-f20532067bc9
Default,2a01:111:e400:38b5::,2a01:111:e400:38b5::/64,AUS01,SY3,SYD03,Australia East,"EOP: APC-SY1AUS01 - IPv6_ILO - IPV6_SONCAPILO","EOP: AUS01-SY3 - IPv6_ILO - IPV6_SONCAPILO",3863c8b5-45a5-4346-90bb-a05b9367d686
Default,20.128.5.84,20.128.5.80/29,CHE01,GV0,GVA20,Switzerland West,"EOP: EUR-GV2CHE01 - IPv4_ILO - TBD","EOP: CHE01-GV0 - IPv4_ILO - TBD",886118b8-4412-47b9-82b4-f607b073e0fa
Default,40.107.23.0,40.107.23.0/24,CHE01,GV0,GVA20,Switzerland West,"EOP: EUR-ZR0CHE01 - IPv4_1101/1102 - IPv4_1101/1102","EOP: CHE01-GV0 - IPv4_1101/1102 - IPv4_1101/1102",7e463810-52cf-4cae-96d8-e80ee0bbf13b
Default,52.101.153.0,52.101.153.0/24,CHE01,GV0,GVA20,Switzerland West,"EOP: EUR-ZR0CHE01 - IPv4_1501 - IPv4_1501","EOP: CHE01-GV0 - IPv4_1501 - IPv4_1501",573271aa-a1c3-4d73-858f-de4d11badf79
Default,40.92.92.0,40.92.92.0/24,CHE01,GV0,GVA20,Switzerland West,"EOP: EUR-ZR0CHE01 - IPv4_1901 - IPv4_1901","EOP: CHE01-GV0 - IPv4_1901 - IPv4_1901",4a826a8b-0aaf-4d0c-ad2e-a55fb0965db7
Default,104.47.22.0,104.47.22.0/26,CHE01,GV0,GVA20,Switzerland West,"EOP: EUR-ZR0CHE01 - IPv4_1701 - IPv4_1701","EOP: CHE01-GV0 - IPv4_1701 - IPv4_1701",74f68c87-9af4-412a-a32d-480e2b9a1326
Default,20.128.5.92,20.128.5.88/29,CHE01,ZR0,ZRH20,Switzerland North,"EOP: EUR-ZR2CHE01 - IPv4_ILO - TBD","EOP: CHE01-ZR0 - IPv4_ILO - TBD",febde228-8253-40c7-b900-5a0591bf23ed
Default,20.128.122.0,20.128.122.0/24,CHE01,ZR0,ZRH20,Switzerland North,"EOP: EUR-ZR2CHE01 - IPv4_CAP - TBD","EOP: CHE01-ZR0 - IPv4_CAP - TBD",f1c2d399-b5ad-401c-b308-cb6ce70e173c
Default,40.95.92.0,40.95.92.0/24,CHE01,ZR0,ZRH20,Switzerland North,"EOP: EUR-GV0CHE01 - IPv4_1022/1023 - IPv4_1022/1023","EOP: CHE01-ZR0 - IPv4_1022/1023 - IPv4_1022/1023",3ec84065-2134-4a57-a768-079f7697b07d
Default,40.107.24.0,40.107.24.0/24,CHE01,ZR0,ZRH20,Switzerland North,"EOP: EUR-GV0CHE01 - IPv4_1101/1102 - IPv4_1101/1102","EOP: CHE01-ZR0 - IPv4_1101/1102 - IPv4_1101/1102",84a82d6a-404d-4af8-8a20-3aea32d42380
Default,52.101.154.0,52.101.154.0/24,CHE01,ZR0,ZRH20,Switzerland North,"EOP: EUR-GV0CHE01 - IPv4_1501 - IPv4_1501","EOP: CHE01-ZR0 - IPv4_1501 - IPv4_1501",8be08d23-3809-4663-89e9-9b5dea71fef9
Default,40.92.93.0,40.92.93.0/24,CHE01,ZR0,ZRH20,Switzerland North,"EOP: EUR-GV0CHE01 - IPv4_1901 - IPv4_1901","EOP: CHE01-ZR0 - IPv4_1901 - IPv4_1901",b1d349e6-1d8f-4737-a674-d6aee713f173
Default,104.47.22.64,104.47.22.64/26,CHE01,ZR0,ZRH20,Switzerland North,"EOP: EUR-GV0CHE01 - IPv4_1701 - IPv4_1701","EOP: CHE01-ZR0 - IPv4_1701 - IPv4_1701",c55ae02b-2398-43fb-9b08-fc541fdcc7cc
Default,20.128.5.4,20.128.5.0/29,DEU01,BE0,BER20,Germany North,"EOP: EUR-BR2DEU01 - IPv4_ILO - IPv4_ILO","EOP: DEU01-BE0 - IPv4_ILO - IPv4_ILO",e2b28500-76a4-4a34-9fb4-541d98b9232d
Default,20.128.125.0,20.128.125.0/24,DEU01,BE0,BER20,Germany North,"EOP: NAM-BR2DEU01 - IPv4_CAP - TBD","EOP: DEU01-BE0 - IPv4_CAP - TBD",13205402-01d5-449d-a42b-6589f13c5458
Default,2a01:111:e400:7f12::,2a01:111:e400:7f12::/64,DEU01,BE0,BER20,Germany North,"EOP: EUR-BR2DEU01 - IPv6_CAP - v6_Capacity","EOP: DEU01-BE0 - IPv6_CAP - v6_Capacity",892d34e0-d255-4f97-8618-f94ad771525d
Default,23.103.132.208,23.103.132.208/29,DEU01,BE0,BER20,Germany North,"EOP: EUR-BR2DEU01 - IPv4_Anchor - IPv4_Anchor","EOP: DEU01-BE0 - IPv4_Anchor - IPv4_Anchor",80a84ef5-6fd9-4002-af84-2f239f772b53
Default,40.95.91.0,40.95.91.0/24,DEU01,FR2,FRA21,Germany West Central,"EOP: EUR-ZR0CHE01 - IPv4_1022/1023 - IPv4_1022/1023","EOP: DEU01-FR2 - IPv4_1022/1023 - IPv4_1022/1023",576034fc-64f7-4369-a20b-640a6c22d500
Default,40.107.135.0,40.107.135.0/24,DEU01,FR2,FRA21,Germany West Central,"EOP: APC-SG2SGP01 - IPv4_1101/1102 - IPv4_1101/1102","EOP: DEU01-FR2 - IPv4_1101/1102 - IPv4_1101/1102",c42c2dcf-a76f-470d-a788-a81e603b9476
Default,25.153.28.4,25.153.28.0/23,EUR04,VI1,VIE,East Europe,"EOP: EUR-VE1EUR04 - IPv4_CAP - IPV4_CAPILO","EOP: EUR04-VI1 - IPv4_CAP - IPV4_CAPILO",10f33a6c-3675-49f4-a0e4-ff37241a9814
Default,25.152.28.0,25.152.28.0/23,EUR04,VI1,VIE,East Europe,"EOP: EUR-VE1EUR04 - IPv4_CAP - IPV4_CAP","EOP: EUR04-VI1 - IPv4_CAP - IPV4_CAP",4493e54d-97cb-4fc5-a89c-03fb6a2c6142
Default,23.103.133.192,23.103.133.192/27,EUR04,VI1,VIE,East Europe,"EOP: EUR-VE1EUR04 - IPv4_Anchor - IPV4_PUBOB","EOP: EUR04-VI1 - IPv4_Anchor - IPV4_PUBOB",0287b048-6f1d-42f4-8e6c-7252f873014d
Default,104.47.14.0,104.47.14.0/24,EUR04,VI1,VIE,East Europe,"EOP: EUR-VE1EUR04 - IPv4_1701 - IPV4_HRI","EOP: EUR04-VI1 - IPv4_1701 - IPV4_HRI",619301d6-0c7f-4347-92b3-e1bbbe798381
Default,2a01:111:f400:fe0e::,2a01:111:f400:fe0e::/64,EUR04,VI1,VIE,East Europe,"EOP: EUR-VE1EUR04 - IPv6_Anchor - IPV6_HRI","EOP: EUR04-VI1 - IPv6_Anchor - IPV6_HRI",d51f4e80-6bdc-49e1-abaf-026b9621f81f
Default,2a01:111:e400:7e0e::,2a01:111:e400:7e0e::/64,EUR04,VI1,VIE,East Europe,"EOP: EUR-VE1EUR04 - IPv6_CAP - IPV6_CAP","EOP: EUR04-VI1 - IPv6_CAP - IPV6_CAP",f0d06b39-bb71-4b10-8c98-1f18367c432a
Default,2a01:111:f400:7e0e::,2a01:111:f400:7e0e::/64,EUR04,VI1,VIE,East Europe,"EOP: EUR-VE1EUR04 - IPv6_Anchor - IPV6_PUBOB","EOP: EUR04-VI1 - IPv6_Anchor - IPV6_PUBOB",5d683310-d450-47ca-9a40-084cce01ca87
Default,20.128.56.132,20.128.56.128/28,EUR05,VI1,VIE,East Europe,"EOP: EUR-VE1EUR05 - IPv4_ILO - TBD","EOP: EUR05-VI1 - IPv4_ILO - TBD",cf1f51d5-aa53-4831-8892-bd0c2d96055e
Default,10.233.242.0,10.233.242.0/23,EUR05,VI1,VIE,East Europe,"EOP: EUR-VE1EUR05 - IPv4_CAP - IPV4_CAP","EOP: EUR05-VI1 - IPv4_CAP - IPV4_CAP",d319b92f-b373-4cb5-a123-c06c7a962240
Default,2a01:111:e400:7f11::,2a01:111:e400:7f11::/64,EUR05,VI1,VIE,East Europe,"EOP: EUR-VE1EUR05 - IPv6_CAP - SQLCAP","EOP: EUR05-VI1 - IPv6_CAP - SQLCAP",eaa74355-86c2-4ae4-a68c-66665f03a995
Default,23.103.134.0,23.103.134.0/27,EUR05,VI1,VIE,East Europe,"EOP: EUR-VE1EUR05 - IPv4_Anchor - IPV4_PUBOB","EOP: EUR05-VI1 - IPv4_Anchor - IPV4_PUBOB",d68e94c6-5bd9-43e0-91a6-997ee061b148
Default,2a01:111:f400:7d00::,2a01:111:f400:7d00::/64,EUR05,VI1,VIE,East Europe,"EOP: NAM-VE1EUR05 - IPv6_Anchor - IPV6_PUBOB","EOP: EUR05-VI1 - IPv6_Anchor - IPV6_PUBOB",6bf5f4a3-a4ae-4370-a323-6cd197b24b6d
Default,2a01:111:f400:fe13::,2a01:111:f400:fe13::/64,EUR07,AM0,AMS20,West Europe,"EOP: EUR-SVANOR01 - IPv6_Anchor - IPV6_HRI","EOP: EUR07-AM0 - IPv6_Anchor - IPV6_HRI",f189ff17-ae05-4a5e-91f3-4c2c8175bf86
Default,23.103.145.0,23.103.145.0/27,GAS01,DB5,DB5,North Europe,"EOP: EUR-DB5GLS01 - IPv4_Anchor - HRIGBL","EOP: GAS01-DB5GLS01 - IPv4_Anchor - HRIGBL",f2493d3b-6909-450c-a5d5-3b5c3713e38c
Default,23.103.153.0,23.103.153.0/27,GAS01,SG2,SG2,Southeast Asia,"EOP: APC-SG2GLS01 - IPv4_Anchor - HRIGBL","EOP: GAS01-SG2GLS01 - IPv4_Anchor - HRIGBL",3b117590-897e-4853-a304-7f960493e5f7
Default,2a01:111:e400:3b15::,2a01:111:e400:3b15::/64,GBR01,LO2,LON21,UK South,"EOP: EUR-LO2GBF01 - IPv6_ILO - TBD","EOP: GBR01-LO2GBF01 - IPv6_ILO - TBD",ffa0bb3b-71fe-4645-ac1e-a843c4712237
Default,10.97.10.0,10.97.10.0/23,GCC02,BL0,BL20,East US,"EOP: NAM-BL2GCC02 - IPv4_CAP - IPV4_CAP","EOP: GCC02-BL0 - IPv4_CAP - IPV4_CAP",76321472-3fc9-46cd-a888-d1e7aa2c3046
Default,104.47.64.0,104.47.64.0/24,GCC02,BL0,BL20,East US,"EOP: APC-DM2GCC02 - IPv4_1701 - IPV4_HRI","EOP: GCC02-BL0 - IPv4_1701 - IPV4_HRI",11703ff2-328a-4046-a21f-cde19ad5bc8d
Default,25.157.208.4,25.157.208.0/25,GER01,LEJ,LEJ20,Germany NorthEast,"EOP: GER-LE1GER01 - IPv4_CAP - IPV4_A_MGMTILO","EOP: GER01-LEJ - IPv4_CAP - IPV4_A_MGMTILO",bcb1923d-bc24-44a8-a32b-f167ff842e6c
Default,25.157.128.5,25.157.128.0/23,GER01,LEJ,LEJ20,Germany NorthEast,"EOP: GER-LE1GER01 - IPv4_CAP - IPV4_CAP","EOP: GER01-LEJ - IPv4_CAP - IPV4_CAP",04b2d8f1-9b46-4638-8fca-0c855fbcff1a
Default,25.157.144.61,25.157.144.0/25,GER01,LEJ,LEJ20,Germany NorthEast,"EOP: GER-LE1GER01 - IPv4_CAP - IPV4_A_MGMT","EOP: GER01-LEJ - IPv4_CAP - IPV4_A_MGMT",b26e765e-3885-41db-b0a6-e63903070164
Default,2a01:4180:c050:400::,2a01:4180:c050:400::/64,GER01,LEJ,LEJ20,Germany NorthEast,"EOP: GER-LE1GER01 - IPv6_CAP - IPV6_CAP","EOP: GER01-LEJ - IPv6_CAP - IPV6_CAP",3f1687bd-af53-4e45-923c-de85a25f23b5
Default,2a01:4180:c050:420::,2a01:4180:c050:420::/64,GER01,LEJ,LEJ20,Germany NorthEast,"EOP: GER-LE1GER01 - IPv6_CAP - IPV6_A_MGMT","EOP: GER01-LEJ - IPv6_CAP - IPV6_A_MGMT",214272d6-dcaf-4a25-b5a3-17fd4df01f40
Default,25.157.144.128,25.157.144.128/25,GER01,LEJ,LEJ20,Germany NorthEast,"EOP: GER-LE1GER01 - IPv4_CAP - IPV4_B_MGMT","EOP: GER01-LEJ - IPv4_CAP - IPV4_B_MGMT",7047ba18-a984-4246-8957-f4e1a72c90b7
Default,2a01:4180:c050:440::,2a01:4180:c050:440::/64,GER01,LEJ,LEJ20,Germany NorthEast,"EOP: GER-LE1GER01 - IPv6_CAP - IPV6_B_MGMT","EOP: GER01-LEJ - IPv6_CAP - IPV6_B_MGMT",5a01ba72-6a9a-42b8-9dc4-61ea5ed01b62
Default,51.5.80.0,51.5.80.0/27,GER01,LEJ,LEJ20,Germany NorthEast,"EOP: GER-LE1GER01 - IPv4_1701 - IPV4_PUBOB","EOP: GER01-LEJ - IPv4_1701 - IPV4_PUBOB",01071c13-e8ba-4766-b409-8e7d777922a5
Default,2a01:4180:4051:800::,2a01:4180:4051:800::/64,GER01,LEJ,LEJ20,Germany NorthEast,"EOP: GER-LE1GER01 - IPv6_1701 - IPV6_PUBOB","EOP: GER01-LEJ - IPv6_1701 - IPV6_PUBOB",8bbbb075-3156-475b-96b8-6a04e6a85fce
Default,51.5.72.0,51.5.72.0/24,GER01,LEJ,LEJ20,Germany NorthEast,"EOP: GER-LE1GER01 - IPv4_1101/1102 - IPV4_HRI","EOP: GER01-LEJ - IPv4_1101/1102 - IPV4_HRI",86ad431b-242a-43c1-ad60-bccf93a42c07
Default,2a01:4180:4051:400::,2a01:4180:4051:400::/64,GER01,LEJ,LEJ20,Germany NorthEast,"EOP: GER-LE1GER01 - IPv6_1101/1102 - IPV6_HRI","EOP: GER01-LEJ - IPv6_1101/1102 - IPV6_HRI",498a7327-c709-4d79-b033-cbd54652de44
Default,25.157.192.0,25.157.192.0/23,GER01,LEJ,LEJ20,Germany NorthEast,"EOP: GER-LE1GER01 - IPv4_CAP - IPV4_CAPILO","EOP: GER01-LEJ - IPv4_CAP - IPV4_CAPILO",3443cce3-ae2b-4bb4-bad9-d9a17e6596ee
Default,2a01:4180:c051:800::,2a01:4180:c051:800::/64,GER01,LEJ,LEJ20,Germany NorthEast,"EOP: GER-LE1GER01 - IPv6_ILO - IPV6_CAPILO","EOP: GER01-LEJ - IPv6_ILO - IPV6_CAPILO",452ff62f-3494-4c0c-bb7a-16057b0f509d
Default,2a01:4180:c051:820::,2a01:4180:c051:820::/64,GER01,LEJ,LEJ20,Germany NorthEast,"EOP: GER-LE1GER01 - IPv6_ILO - IPV6_A_MGMTILO","EOP: GER01-LEJ - IPv6_ILO - IPV6_A_MGMTILO",a9983542-00d3-404c-b5f3-d8845a0c05a6
Default,25.157.208.128,25.157.208.128/25,GER01,LEJ,LEJ20,Germany NorthEast,"EOP: GER-LE1GER01 - IPv4_CAP - IPV4_B_MGMTILO","EOP: GER01-LEJ - IPv4_CAP - IPV4_B_MGMTILO",227f62b1-5d89-4ef6-8ad5-5f56ec6f60ae
Default,2a01:4180:c051:840::,2a01:4180:c051:840::/64,GER01,LEJ,LEJ20,Germany NorthEast,"EOP: GER-LE1GER01 - IPv6_ILO - IPV6_B_MGMTILO","EOP: GER01-LEJ - IPv6_ILO - IPV6_B_MGMTILO",cdf63864-32c6-457e-91b6-fdff5f30becc
Default,25.157.160.0,25.157.160.0/24,GER01,LEJ,LEJ20,Germany NorthEast,"EOP: GER-LE1GER01 - IPv4_CAP - IPV4_SONCAP","EOP: GER01-LEJ - IPv4_CAP - IPV4_SONCAP",d4fa15e5-0d37-4143-bdd8-4c36df0c491d
Default,25.157.224.0,25.157.224.0/24,GER01,LEJ,LEJ20,Germany NorthEast,"EOP: GER-LE1GER01 - IPv4_CAP - IPV4_SONCAPILO","EOP: GER01-LEJ - IPv4_CAP - IPV4_SONCAPILO",ec58c74f-6b28-42fa-ac69-0efa9a4cb26e
Default,21.3.78.5,21.3.78.0/24,GLS01,HK2,HK2,East Asia,"EOP: APC-HK2SON03 - IPv4_CAP - IPV4_SONCAP","EOP: GLS01-HK2SON03 - IPv4_CAP - IPV4_SONCAP",765e6fc8-9acd-46b6-a33e-7f37c7960b86
Default,23.103.155.128,23.103.155.128/27,GLS01,HK2,HK2,East Asia,"EOP: APC-HK2SON03 - IPv4_Anchor - HRIGBL","EOP: GLS01-HK2SON03 - IPv4_Anchor - HRIGBL",49702c4c-9147-48d5-9332-eef242ed9f5f
Default,2a01:111:f400:ff8e::,2a01:111:f400:ff8e::/64,GLS01,HK2,HK2,East Asia,"EOP: APC-HK2SON03 - IPv6_Anchor - IPV6_HRIGBL","EOP: GLS01-HK2SON03 - IPv6_Anchor - IPV6_HRIGBL",f28c6083-46f3-4195-b411-4b3b4aa6258b
Default,2a01:111:e400:fc8e::,2a01:111:e400:fc8e::/64,GLS01,HK2,HK2,East Asia,"EOP: APC-HK2SON03 - IPv6_CAP - IPV6_SONCAP","EOP: GLS01-HK2SON03 - IPv6_CAP - IPV6_SONCAP",24258c3d-2cdb-4091-b9d0-d3e8c671f80c
Default,25.155.222.4,25.155.222.0/23,GLS01,SG2,SG2,Southeast Asia,"EOP: NAM-SG2SON03 - IPv4_CAP - GBL-ILO","EOP: GLS01-SG2SON03 - IPv4_CAP - GBL-ILO",8804cc24-dd14-4ab5-bcc5-dcefb45b1b74
Default,21.3.79.5,21.3.79.0/24,GLS01,SG2,SG2,Southeast Asia,"EOP: APC-SG2SON03 - IPv4_CAP - IPV4_SONCAP","EOP: GLS01-SG2SON03 - IPv4_CAP - IPV4_SONCAP",67652441-88ff-4555-9940-ecc66e0f69e5
Default,23.103.155.160,23.103.155.160/27,GLS01,SG2,SG2,Southeast Asia,"EOP: APC-SG2SON03 - IPv4_Anchor - HRIGBL","EOP: GLS01-SG2SON03 - IPv4_Anchor - HRIGBL",1875db8b-ee0f-4552-a23b-07501a6248ec
Default,2a01:111:f400:ff8f::,2a01:111:f400:ff8f::/64,GLS01,SG2,SG2,Southeast Asia,"EOP: APC-SG2SON03 - IPv6_Anchor - IPV6_HRIGBL","EOP: GLS01-SG2SON03 - IPv6_Anchor - IPV6_HRIGBL",4f22513a-95e7-4b5b-96b6-b82c33b43563
Default,2a01:111:e400:fc8f::,2a01:111:e400:fc8f::/64,GLS01,SG2,SG2,Southeast Asia,"EOP: APC-SG2SON03 - IPv6_CAP - IPV6_SONCAP","EOP: GLS01-SG2SON03 - IPv6_CAP - IPV6_SONCAP",68789221-adb0-4961-9c49-e9d0d31fc0c9
Default,25.157.216.4,25.157.216.0/23,GLS06,FRA,FRA20,Germany Central,"EOP: EUR-FR2Unknown - IPv4_CAP - IPv4_Unknown","EOP: GLS06-FRA - IPv4_CAP - IPv4_Unknown",297f0d14-6e81-43cd-9632-003e00cc0235
Default,25.157.152.5,25.157.152.0/23,GLS06,FRA,FRA20,Germany Central,"EOP: EUR-FR2Unknown - IPv4_CAP - IPv4_Unknown","EOP: GLS06-FRA - IPv4_CAP - IPv4_Unknown",8fbac71c-c315-4d2d-a3d3-c595b0f6770e
Default,51.5.80.128,51.5.80.128/27,GLS06,LEJ,LEJ20,Germany NorthEast,"EOP: GER-LE1GLS06 - IPv4_1101/1102 - HRIGBL","EOP: GLS06-LEJ - IPv4_1101/1102 - HRIGBL",59fdbb4f-34fb-4b28-aff9-92a733857f28
Default,2a01:4180:4051:0a00::,2a01:4180:4051:a00::/64,GLS06,LEJ,LEJ20,Germany NorthEast,"EOP: GER-LE1GLS06 - IPv6_1101/1102 - HRIGBL V6","EOP: GLS06-LEJ - IPv6_1101/1102 - HRIGBL V6",1a18c1fb-cc1d-48ad-b43f-9e0de7b80a22
Default,2a01:4180:c050:0461::,2a01:4180:c050:461::/64,GLS06,LEJ,LEJ20,Germany NorthEast,"EOP: GER-LE1GLS06 - IPv6_1101/1102 - IPV6_GBL","EOP: GLS06-LEJ - IPv6_1101/1102 - IPV6_GBL",81072a3d-93ab-43c9-ac26-078eaf4bb850
Default,25.157.218.4,25.157.218.0/23,GLS06,LEJ,LEJ20,Germany NorthEast,"EOP: EUR-LEJUnknown - IPv4_CAP - IPv4_Unknown","EOP: GLS06-LEJUnknown - IPv4_CAP - IPv4_Unknown",61ba4259-f70f-4f96-835f-d8736041862e
Default,25.157.154.5,25.157.154.0/23,GLS06,LEJ,LEJ20,Germany NorthEast,"EOP: EUR-LEJUnknown - IPv4_CAP - IPv4_Unknown","EOP: GLS06-LEJUnknown - IPv4_CAP - IPv4_Unknown",e6966de0-35d6-4e28-8705-a89615bdce0f
Default,52.100.168.0,52.100.168.0/24,NAM09,BY5,BY5,West US,"EOP: EUR-DX2ARE01 - IPv4_1501 - IPv4_1501","EOP: NAM09-BY5 - IPv4_1501 - IPv4_1501",5103c7bd-1cac-4fec-be3c-30c67d70a3f4
Default,10.233.196.5,10.233.196.0/23,SAP01,PS1,PUS01,Korea South 2,"EOP: APC-PU1SAP01 - IPv4_CAP - IPV4_SONCAP","EOP: SAP01-PS1 - IPv4_CAP - IPV4_SONCAP",03e324b1-7499-4244-ad15-e36a4126e82f
Default,2a01:111:f400:fec6::,2a01:111:f400:fec6::/64,SAP01,PS1,PUS01,,"EOP: APC-PU1SAP01 - IPv6_Anchor - SONARv6","EOP: SAP01-PS1 - IPv6_Anchor - SONARv6",13f36b0d-544d-4951-8ca9-815a760635ac
Default,40.107.226.0,40.107.226.0/24,SAP01,PU1,PUS01,Korea South 2,"EOP: APC-PS1SAP01 - IPv4_Sonar - IPv4_Sonar","EOP: SAP01-PU1 - IPv4_Sonar - IPv4_Sonar",666c0b30-6ab8-485c-bf97-c071b8f9287e
Default,40.94.79.0,40.94.79.0/24,SFR01,MR2,MRS20,France South,"EOP: EUR-PR2FRA01 - IPv4_Sonar - IPv4_Sonar","EOP: SFR01-MR2 - IPv4_Sonar - IPv4_Sonar",82d91ac7-bea6-42e3-8e44-22e3aea8dac2
Default,40.94.80.0,40.94.80.0/24,SFR01,PR2,PAR22,France Central,"EOP: EUR-MR2FRA01 - IPv4_Sonar - IPv4_Sonar","EOP: SFR01-PR2 - IPv4_Sonar - IPv4_Sonar",fced4af2-a5c6-446b-b661-4a4c2198b3d4
Default,2a01:111:e400:fc8a::,2a01:111:e400:fc8a::/64,SJP01,OSA,OSA20,Japan West,"EOP: APC-OS2SJP01 - IPv6_CAP - IPV6_SONCAP","EOP: SJP01-OSA - IPv6_CAP - IPV6_SONCAP",c1f27b6d-f703-4968-ac45-688cf03bf9c4
Default,2a01:111:e401:bc::,2a01:111:e401:bc::/64,SJP01,OSA,OSA20,Japan West,"EOP: APC-OS2SJP01 - IPv6_SonRest - IPV6_SONREST","EOP: SJP01-OSA - IPv6_SonRest - IPV6_SONREST",1547185b-efef-4375-bf92-9ec4f6a91d11
Default,20.128.20.4,20.128.20.0/25,SJP01,TYC,TYO20,Japan East,"EOP: APC-TYCJPN01 - IPv4_ILO - TBD","EOP: SJP01-TYCJPN01 - IPv4_ILO - TBD",f0cc6b9c-5c87-4382-859f-75c1f7e9b30f
Default,20.128.42.4,20.128.42.0/23,SNA03,DM6,DSM06,Central US,"EOP: NAM-DM6SNA01 - IPv4_ILO - TBD","EOP: SNA03-DM6SNA01 - IPv4_ILO - TBD",f0d9ec3c-9eba-4a3c-9338-6230443aed07
Default,157.56.209.144,157.56.209.144/29,SNA04,CO1,CO1,West US 2,"EOP: NAM-CO1SGC01 - IPv4_Anchor - IPv4_Anchor","EOP: SNA04-CO1SGC01 - IPv4_Anchor - IPv4_Anchor",4e7a9a0c-1ea6-4f35-8ee1-b2e8e063beed
Default,2a01:111:e400:fc97::,2a01:111:e400:fc97::/64,SNA04,CO1,CO1,West US 2,"EOP: APC-CO1SGC01 - IPv6_CAP - IPV6_SONCAP","EOP: SNA04-CO1SGC01 - IPv6_CAP - IPV6_SONCAP",9288a247-5845-4464-ab3b-392c944cfdc0
Default,40.107.239.0,40.107.239.0/24,SNA04,CO1,CO1,West US 2,"EOP: NAM-CO1SGC01 - IPv4_Sonar - IPv4_Sonar","EOP: SNA04-CO1SGC01 - IPv4_Sonar - IPv4_Sonar",76638a6e-3307-40f6-ac30-7c712cef6142
Default,40.107.235.0,40.107.235.0/24,SNA04,CY1,CYS01,West Central US,"EOP: NAM-CY1SGC01 - IPv4_Sonar - IPv4_Sonar","EOP: SNA04-CY1SGC01 - IPv4_Sonar - IPv4_Sonar",f4b2f43f-55bb-4c1f-859c-28efa00a42c9
Default,25.155.154.4,25.155.154.0/23,SON01,CO1,CO1,West US 2,"EOP: NAM-CO1Unknown - IPv4_CAP - IPv4_Unknown","EOP: SON01-CO1Unknown - IPv4_CAP - IPv4_Unknown",22e2eb11-ab10-487e-bc67-1901c0645133
Default,2a01:111:f400:ff45::,2a01:111:f400:ff45::/64,SON01,CO1,CO1,West US 2,"EOP: NAM-CO1Unknown - IPv6_Anchor - TBD","EOP: SON01-CO1Unknown - IPv6_Anchor - TBD",95cbbd83-826a-4ce1-a78a-b43ee973e188
Default,25.155.156.4,25.155.156.0/23,SON01,DM3,DM3,Central US,"EOP: NAM-HK1SON01 - IPv4_CAP - GBL-ILO","EOP: SON01-DM3 - IPv4_CAP - GBL-ILO",b0f77e70-46a1-47fa-87e5-755105a4af35
Default,25.155.28.0,25.155.28.0/23,SON01,DM3,DM3,Central US,"EOP: GCC-DM3GCC01 - IPv4_CAP - GBL","EOP: SON01-DM3GCC01 - IPv4_CAP - GBL",ce35cd4d-9e09-4521-94d6-29a7fdd492fe
Default,2a01:111:f400:ff46::,2a01:111:f400:ff46::/64,SON01,DM3,DM3,Central US,"EOP: GCC-DM3GCC01 - IPv6_Anchor - IPV6_HRIGBL","EOP: SON01-DM3GCC01 - IPv6_Anchor - IPV6_HRIGBL",1f4277a5-ab9f-44c4-bbbd-77323aa25b56
Default,2a01:111:e400:fe46::,2a01:111:e400:fe46::/64,SON01,DM3,DM3,Central US,"EOP: NAM-DM3NAM05 - IPv6_CAP - IPV6_GBL","EOP: SON01-DM3NAM05 - IPv6_CAP - IPV6_GBL",116574f6-d8d9-4cec-ab48-b0b58746a0b2
Default,2a01:111:e400:fc51::,2a01:111:e400:fc51::/64,SON01,DM3,DM3,Central US,"EOP: GCC-DM3GCC01 - IPv6_CAP - IPV6_SONCAP","EOP: SON01-DM3GCC01 - IPv6_CAP - IPV6_SONCAP",b0da124c-3f6e-4829-8dc6-9fb0944e55d3
Default,25.155.152.4,25.155.152.0/23,SON01,SN1,SN1,South Central US,"EOP: NAM-SN1NAM04 - IPv4_CAP - GBL-ILO","EOP: SON01-SN1NAM04 - IPv4_CAP - GBL-ILO",76768687-e3ec-45f0-8a9c-a6834bc33451
Default,25.155.24.0,25.155.24.0/23,SON01,SN1,SN1,South Central US,"EOP: NAM-SN1NAM04 - IPv4_CAP - GBL","EOP: SON01-SN1NAM04 - IPv4_CAP - GBL",d94850bb-6c0c-4aa3-8511-6fec0e33d97a
Default,40.94.98.0,40.94.98.0/25,SON02,DB5,DB5,North Europe,"EOP: EUR-HE1SON02 - IPv4_Sonar - IPv4_Sonar","EOP: SON02-DB5 - IPv4_Sonar - IPv4_Sonar",f6b393b3-3012-4893-8987-65e1dc178d0a
Default,21.3.1.6,21.3.1.0/24,SON02,DB5,DB5,North Europe,"EOP: EUR-DB5Unknown - IPv4_CAP - IPv4_Unknown","EOP: SON02-DB5Unknown - IPv4_CAP - IPv4_Unknown",0209d7de-ff2c-497e-ae70-9422c6fc9c95
Default,25.152.244.6,25.152.244.0/23,APAC,KU1,KUL01,APAC Southeast 2,"EOP: APC-KU1FSPROD - IPv4_CAP - IPV4_CAP","EOP: APAC-KU1FSPROD - IPv4_CAP - IPV4_CAP",94afd6ee-8782-4918-a263-a15ff8bac27b
Default,65.55.88.96,65.55.88.96/27,APAC,KU1,KUL01,APAC Southeast 2,"EOP: APC-KU1FSPROD - IPv4_Anchor - IPV4_PUBOB","EOP: APAC-KU1FSPROD - IPv4_Anchor - IPV4_PUBOB",b50e892f-4362-4afc-b072-f3aa75611b62
Default,2a01:111:e400:7fba::,2a01:111:e400:7fba::/64,APAC,KU1,KUL01,APAC Southeast 2,"EOP: APC-KU1FSPROD - IPv6_CAP - IPV6_A_MGMT","EOP: APAC-KU1FSPROD - IPv6_CAP - IPV6_A_MGMT",c96ad1df-1e79-4889-bc01-e33d68c281bd
Default,2a01:111:e400:7eba::,2a01:111:e400:7eba::/64,APAC,KU1,KUL01,APAC Southeast 2,"EOP: APC-KU1FSPROD - IPv6_CAP - IPV6_CAP","EOP: APAC-KU1FSPROD - IPv6_CAP - IPV6_CAP",0c7dbb99-2098-46af-a13d-fcc8b641b46e
Default,25.154.122.0,25.154.122.0/24,APC02,KU1,KUL01,APAC Southeast 2,"EOP: APC-KU1FSPROD - IPv4_CAP - IPV4_A_MGMT","EOP: APC02-KU1FSPROD - IPv4_CAP - IPV4_A_MGMT",eeea67a2-582c-4f8c-aa4a-70069ed8d301
Default,104.47.122.0,104.47.122.0/24,APC02,KU1,KUL01,APAC Southeast 2,"EOP: APC-KU1FSPROD - IPv4_1701 - IPV4_HRI","EOP: APC02-KU1FSPROD - IPv4_1701 - IPV4_HRI",e3a09387-af56-4a67-9259-5d4a3ed06f29
Default,2a01:111:f400:feba::,2a01:111:f400:feba::/64,APC02,KU1,KUL01,APAC Southeast 2,"EOP: APC-KU1FSPROD - IPv6_Anchor - IPV6_HRI","EOP: APC02-KU1FSPROD - IPv6_Anchor - IPV6_HRI",48a4ca2f-ce5e-41ec-b73b-2e9d5a31e210
Default,2a01:111:f400:7eba::,2a01:111:f400:7eba::/64,APC02,KU1,KUL01,APAC Southeast 2,"EOP: APC-KU1FSPROD - IPv6_Anchor - IPV6_PUBOB","EOP: APC02-KU1FSPROD - IPv6_Anchor - IPV6_PUBOB",c8c64898-d260-4a3d-91cb-2e48a2839361
Default,10.174.64.10,10.174.64.0/23,GTM,AM1,AM1,West Europe,"EOP: EUR-AM1FSPROD - IPv4_CAP - CORE","EOP: GTM-AM1FSPROD - IPv4_CAP - CORE",beb84701-963c-4b8a-b462-7e643e93f9d3
Default,10.173.162.15,10.173.162.0/23,GTM,BL2,BL2,East US,"EOP: NAM-BL2FSPROD - IPv4_ILO - IPv4_ILO","EOP: GTM-BL2FSPROD - IPv4_ILO - IPv4_ILO",2ba063ba-bd52-4408-937b-e9f2f37c1d20
Default,10.58.52.10,10.58.52.0/23,GTM,BN1,BN1,East US 2,"EOP: NAM-BN1AFSPROD - IPv4_CAP - CORE","EOP: GTM-BN1AFSPROD - IPv4_CAP - CORE",611a9369-6607-40db-b6e6-506c7baa94a8
Default,10.111.201.33,10.111.201.0/24,GTM-FSDF,SN2,SN2,South Central US,"EOP: NAM-SN2Unknown - IPv4_CAP - IPv4_CAP","EOP: GTM-FSDF-SN2Unknown - IPv4_CAP - IPv4_CAP",a407979a-5488-4f5c-bacf-17f6a12bc07b
Default,25.154.166.8,25.154.166.0/24,GTM-SYNCGROUP01,BL2,BL2,East US,"EOP: NAM-BL2NAM02 - IPv4_CAP - IPV4_A_MGMTILO","EOP: GTM-SYNCGROUP01-BL2NAM02 - IPv4_CAP - IPV4_A_MGMTILO",ebc43736-c119-4f72-b6d0-4cc14201f2ee
Default,25.152.76.0,25.152.76.0/23,GTM-SYNCGROUP01,BL2,BL2,East US,"EOP: NAM-BL2NAM02 - IPv4_CAP - IPV4_CAP","EOP: GTM-SYNCGROUP01-BL2NAM02 - IPv4_CAP - IPV4_CAP",ce0a9109-64de-4479-8e61-cecd66ee4168
Default,25.154.38.0,25.154.38.0/24,GTM-SYNCGROUP01,BL2,BL2,East US,"EOP: NAM-BL2NAM02 - IPv4_CAP - IPV4_A_MGMT","EOP: GTM-SYNCGROUP01-BL2NAM02 - IPv4_CAP - IPV4_A_MGMT",b6bb4a1e-f3fe-44d7-8858-fe4c0f657099
Default,104.47.38.0,104.47.38.0/24,GTM-SYNCGROUP01,BL2,BL2,East US,"EOP: NAM-BL2NAM02 - IPv4_1701 - IPV4_HRI","EOP: GTM-SYNCGROUP01-BL2NAM02 - IPv4_1701 - IPV4_HRI",81d9a3c3-5687-46ad-92be-73a33d335820
Default,2a01:111:e400:7f46::,2a01:111:e400:7f46::/64,GTM-SYNCGROUP01,BL2,BL2,East US,"EOP: NAM-BL2NAM02 - IPv6_CAP - IPV6_A_MGMT","EOP: GTM-SYNCGROUP01-BL2NAM02 - IPv6_CAP - IPV6_A_MGMT",445724df-a81a-4801-8c80-951030e22305
Default,25.154.162.8,25.154.162.0/24,GTM-SYNCGROUP01,BY2,BY2,West US,"EOP: NAM-BY2NAM01 - IPv4_CAP - IPV4_A_MGMTILO","EOP: GTM-SYNCGROUP01-BY2NAM01 - IPv4_CAP - IPV4_A_MGMTILO",e7791d7a-b8f6-4e1d-80cf-26b155a150d3
Default,25.154.34.0,25.154.34.0/24,GTM-SYNCGROUP01,BY2,BY2,West US,"EOP: NAM-BY2NAM01 - IPv4_CAP - IPV4_A_MGMT","EOP: GTM-SYNCGROUP01-BY2NAM01 - IPv4_CAP - IPV4_A_MGMT",18423080-110f-4687-8477-72084b51a103
Default,104.47.34.0,104.47.34.0/24,GTM-SYNCGROUP01,BY2,BY2,West US,"EOP: NAM-BY2NAM01 - IPv4_1701 - IPV4_HRI","EOP: GTM-SYNCGROUP01-BY2NAM01 - IPv4_1701 - IPV4_HRI",037bb879-8936-4d94-907a-cc5bd15f340b
Default,2a01:111:f400:fe42::,2a01:111:f400:fe42::/64,GTM-SYNCGROUP01,BY2,BY2,West US,"EOP: NAM-BY2NAM01 - IPv6_Anchor - IPV6_HRI","EOP: GTM-SYNCGROUP01-BY2NAM01 - IPv6_Anchor - IPV6_HRI",c9b6dcaa-cea4-43fa-87df-23dee0f1d615
Default,25.154.130.8,25.154.130.0/24,GTM-SYNCGROUP01,DB5,DB5,North Europe,"EOP: EUR-DB5EUR01 - IPv4_CAP - IPV4_A_MGMTILO","EOP: GTM-SYNCGROUP01-DB5EUR01 - IPv4_CAP - IPV4_A_MGMTILO",cacafb0f-cc70-460e-9f96-e7a1da00de39
Default,25.154.2.0,25.154.2.0/24,GTM-SYNCGROUP01,DB5,DB5,North Europe,"EOP: EUR-DB5EUR01 - IPv4_CAP - IPV4_A_MGMT","EOP: GTM-SYNCGROUP01-DB5EUR01 - IPv4_CAP - IPV4_A_MGMT",a58a5494-8119-4fce-8c6f-cd5f2c85b269
Default,104.47.2.0,104.47.2.0/24,GTM-SYNCGROUP01,DB5,DB5,North Europe,"EOP: EUR-DB5EUR01 - IPv4_1701 - IPV4_HRI","EOP: GTM-SYNCGROUP01-DB5EUR01 - IPv4_1701 - IPV4_HRI",2d3c6f6b-0cd5-47b5-8e0e-4838e567e387
Default,2a01:111:e400:7f02::,2a01:111:e400:7f02::/64,GTM-SYNCGROUP01,DB5,DB5,North Europe,"EOP: EUR-DB5EUR01 - IPv6_CAP - IPV6_A_MGMT","EOP: GTM-SYNCGROUP01-DB5EUR01 - IPv6_CAP - IPV6_A_MGMT",eb713aaf-f741-4f63-ae2f-f757fd5d56d0
Default,2a01:111:f400:fe02::,2a01:111:f400:fe02::/64,GTM-SYNCGROUP01,DB5,DB5,North Europe,"EOP: EUR-DB5EUR01 - IPv6_Anchor - IPV6_HRI","EOP: GTM-SYNCGROUP01-DB5EUR01 - IPv6_Anchor - IPV6_HRI",77dfb030-c567-4037-a4a2-9eae8630755e
Default,25.154.252.8,25.154.252.0/25,GTM-SYNCGROUP01,HK2,HK2,East Asia,"EOP: APC-HK2APC01 - IPv4_CAP - IPV4_A_MGMTILO","EOP: GTM-SYNCGROUP01-HK2APC01 - IPv4_CAP - IPV4_A_MGMTILO",bdc09426-a771-4d82-b415-3711b8264e96
Default,25.154.124.0,25.154.124.0/25,GTM-SYNCGROUP01,HK2,HK2,East Asia,"EOP: APC-HK2APC01 - IPv4_CAP - IPV4_A_MGMT","EOP: GTM-SYNCGROUP01-HK2APC01 - IPv4_CAP - IPV4_A_MGMT",237310d1-f86c-4f5c-8ed7-dced55a59cf9
Default,104.47.124.0,104.47.124.0/24,GTM-SYNCGROUP01,HK2,HK2,East Asia,"EOP: APC-HK2APC01 - IPv4_1701 - IPV4_HRI","EOP: GTM-SYNCGROUP01-HK2APC01 - IPv4_1701 - IPV4_HRI",1aa5a18d-0270-4caf-9085-b1d19e263b08
Default,2a01:111:f400:febc::,2a01:111:f400:febc::/64,GTM-SYNCGROUP01,HK2,HK2,East Asia,"EOP: APC-HK2APC01 - IPv6_Anchor - IPV6_HRI","EOP: GTM-SYNCGROUP01-HK2APC01 - IPv6_Anchor - IPV6_HRI",0c078cb5-095b-4095-9e0b-b88b48e12997
Default,25.154.168.8,25.154.168.0/24,GTM-SYNCGROUP02,CO1,CO1,West US 2,"EOP: NAM-CO1NAM03 - IPv4_CAP - IPV4_A_MGMTILO","EOP: GTM-SYNCGROUP02-CO1NAM03 - IPv4_CAP - IPV4_A_MGMTILO",436b802d-e4c6-4721-a0c8-6e90e0513d8d
Default,25.152.80.0,25.152.80.0/23,GTM-SYNCGROUP02,CO1,CO1,West US 2,"EOP: NAM-CO1NAM03 - IPv4_CAP - IPV4_CAP","EOP: GTM-SYNCGROUP02-CO1NAM03 - IPv4_CAP - IPV4_CAP",338547be-569d-457d-8b0a-0f713e43cfa2
Default,25.154.40.0,25.154.40.0/24,GTM-SYNCGROUP02,CO1,CO1,West US 2,"EOP: NAM-CO1NAM03 - IPv4_CAP - IPV4_A_MGMT","EOP: GTM-SYNCGROUP02-CO1NAM03 - IPv4_CAP - IPV4_A_MGMT",d05b4ea6-7e9e-415d-8c21-1d9441e2032b
Default,104.47.40.0,104.47.40.0/24,GTM-SYNCGROUP02,CO1,CO1,West US 2,"EOP: NAM-CO1NAM03 - IPv4_1101/1102 - IPv4_1101/1102","EOP: GTM-SYNCGROUP02-CO1NAM03 - IPv4_1101/1102 - IPv4_1101/1102",6d9863dc-1c2a-4c8b-a8b5-ad8f9f7d3df0
Default,2a01:111:e400:7f48::,2a01:111:e400:7f48::/64,GTM-SYNCGROUP02,CO1,CO1,West US 2,"EOP: NAM-CO1NAM03 - IPv6_CAP - IPV6_A_MGMT","EOP: GTM-SYNCGROUP02-CO1NAM03 - IPv6_CAP - IPV6_A_MGMT",1bf9624b-82ce-46b3-a16f-f35eece707ed
Default,2a01:111:e400:7e48::,2a01:111:e400:7e48::/64,GTM-SYNCGROUP02,CO1,CO1,West US 2,"EOP: NAM-CO1NAM03 - IPv6_CAP - IPV6_CAP","EOP: GTM-SYNCGROUP02-CO1NAM03 - IPv6_CAP - IPV6_CAP",07ed3ecc-ebc6-46d9-b712-895075c4c148
Default,25.154.121.0,25.154.121.0/24,GTM-SYNCGROUP02,SG2,SG2,Southeast Asia,"EOP: APC-SG2APC02 - IPv4_CAP - IPV4_A_MGMT","EOP: GTM-SYNCGROUP02-SG2APC02 - IPv4_CAP - IPV4_A_MGMT",d8dec834-6939-4182-a4eb-b247f8504fef
Default,104.47.121.0,104.47.121.0/24,GTM-SYNCGROUP02,SG2,SG2,Southeast Asia,"EOP: APC-SG2APC02 - IPv4_1701 - IPV4_HRI","EOP: GTM-SYNCGROUP02-SG2APC02 - IPv4_1701 - IPV4_HRI",2903f8f8-91ae-4313-99ca-1a28fae8d232
Default,2a01:111:f400:feb9::,2a01:111:f400:feb9::/64,GTM-SYNCGROUP02,SG2,SG2,Southeast Asia,"EOP: APC-SG2APC02 - IPv6_Anchor - IPV6_HRI","EOP: GTM-SYNCGROUP02-SG2APC02 - IPv6_Anchor - IPV6_HRI",a624e82e-fbd0-4992-9da4-302889f577b4
Default,25.154.172.8,25.154.172.0/25,GTM-SYNCGROUP02,SN1,SN1,South Central US,"EOP: NAM-SN1NAM04 - IPv4_CAP - IPV4_A_MGMTILO","EOP: GTM-SYNCGROUP02-SN1NAM04 - IPv4_CAP - IPV4_A_MGMTILO",3bc122fd-b64e-41d2-91f7-f4fe605e2474
Default,25.152.88.0,25.152.88.0/23,GTM-SYNCGROUP02,SN1,SN1,South Central US,"EOP: NAM-SN1NAM04 - IPv4_CAP - IPV4_CAP","EOP: GTM-SYNCGROUP02-SN1NAM04 - IPv4_CAP - IPV4_CAP",1082f1b1-17c5-4022-9df3-f798371ab0fe
Default,25.154.44.0,25.154.44.0/25,GTM-SYNCGROUP02,SN1,SN1,South Central US,"EOP: NAM-SN1NAM04 - IPv4_CAP - IPV4_A_MGMT","EOP: GTM-SYNCGROUP02-SN1NAM04 - IPv4_CAP - IPV4_A_MGMT",b651e233-a2ec-4a04-a822-9ba2b95455fc
Default,104.47.44.0,104.47.44.0/24,GTM-SYNCGROUP02,SN1,SN1,South Central US,"EOP: NAM-SN1NAM04 - IPv4_1101/1102 - IPv4_1101/1102","EOP: GTM-SYNCGROUP02-SN1NAM04 - IPv4_1101/1102 - IPv4_1101/1102",85d421e1-2d99-487c-a3db-b72cee367618
Default,2a01:111:e400:3b4c::,2a01:111:e400:3b4c::/64,GTM-SYNCGROUP02,SN1,SN1,South Central US,"EOP: NAM-SN1NAM04 - IPv6_ILO - IPV6_A_MGMTILO","EOP: GTM-SYNCGROUP02-SN1NAM04 - IPv6_ILO - IPV6_A_MGMTILO",d6124f0b-87c0-49a7-9efc-f1420ca81db9
Default,2a01:111:f400:fc10:0:0:0:299,2a01:111:f400:fc10::/64,NA,BN1A,BN1,East US 2,"EOP: GCC-BN1AFSPROD - IPv6_Anchor - IPV6_HRI","EOP: NA-BN1AFSPROD - IPv6_Anchor - IPV6_HRI",92fb85ae-84cc-4179-9c16-cfa26e027f46
Default,2a01:111:e400:3886::,2a01:111:e400:3886::/64,NA,SN4,SN4,South Central US,"EOP: APC-SN4FSPROD - IPv6_ILO - IPV6_SONCAPILO","EOP: NA-SN4FSPROD - IPv6_ILO - IPV6_SONCAPILO",f48e2985-1073-4423-8ba5-d8ce4c0d59d1
Default,2a01:111:e401:84::,2a01:111:e401:84::/64,SAP01,PS1,PUS01,,"EOP: APC-PU1SAP01 - IPv6_SonRest - IPV6_SONREST","EOP: SAP01-PS1 - IPv6_SonRest - IPV6_SONREST",80766a44-e2b8-4880-ac1a-c5ea7be7ddbc
Default,10.97.75.61,10.97.75.0/25,SIT02,SN5,SN5-FX,USGov Texas,"EOP: NAM-SN5SIT01 - IPv4_CAP - IPV4_SONCAP","EOP: SIT02-SN5SIT01 - IPv4_CAP - IPV4_SONCAP",b41a12c3-f1c6-46c5-9078-e3a94ecde5b8
Default,2a01:111:f400:fecb::,2a01:111:f400:fecb::/64,SNA04,CY1,CYS01,West Central US,"EOP: NAM-CY1SGC01 - IPv6_Anchor - SONARv6","EOP: SNA04-CY1SGC01 - IPv6_Anchor - SONARv6",48b04c91-d18a-43cf-ab6f-eb5c3bdadbfc
Default,2a01:111:e400:389a::,2a01:111:e400:389a::/64,SNA04,CY1,CYS01,West Central US,"EOP: APC-CY1SGC01 - IPv6_ILO - IPV6_SONCAPILO","EOP: SNA04-CY1SGC01 - IPv6_ILO - IPV6_SONCAPILO",a9e6621b-1d51-4d1f-9c5b-60a917d25c55
Default,157.56.210.24,157.56.210.24/29,SNA04,SN4,SN4,South Central US,"EOP: NAM-SN4FSPROD - IPv4_Anchor - IPv4_Anchor","EOP: SNA04-SN4FSPROD - IPv4_Anchor - IPv4_Anchor",84276052-18c2-449d-be99-39ee8288465f
Default,40.107.227.0,40.107.227.0/24,SNA04,SN4,SN4,South Central US,"EOP: APC-SN4FSPROD - IPv4_1101/1102 - IPv4_Sonar","EOP: SNA04-SN4FSPROD - IPv4_1101/1102 - IPv4_Sonar",bf03f140-e362-40fd-977c-d4dc90066aad
GalaCake,10.41.138.5,10.41.138.0/23,GALLATIN,SHA,SHA20,China East 2,"EOP: CN-SH0CHN02 - IPv4_CAP - IPV4_CAP","EOP: GALLATIN-SHA - IPv4_CAP - IPV4_CAP",3fd56bf8-8662-467a-86b9-0db1845b3bfb
GalaCake,139.219.146.0,139.219.146.0/24,GALLATIN,SHA,SHA20,China East 2,"EOP: CN-SH0CHN02 - IPv4_1101/1102 - IPV4_HRI","EOP: GALLATIN-SHA - IPv4_1101/1102 - IPV4_HRI",009ad6aa-e219-4993-8285-fe81da839b59
GalaCake,10.41.28.36,10.41.28.0/24,GALLATIN-W15,BJB,BJB,China North,"EOP: CN-BJBFFOCN - IPv4_CAP - CORE","EOP: GALLATIN-W15-BJBFFOCN - IPv4_CAP - CORE",6aeb5381-f0a6-4d21-aae6-6d2a86c28b50
GalaCake,42.159.36.39,42.159.36.0/24,GALLATIN-W15,BJB,BJB,China North,"EOP: CN-BJBFFOCN - IPv4_1101/1102 - IPV4_HRI","EOP: GALLATIN-W15-BJBFFOCN - IPv4_1101/1102 - IPV4_HRI",2459b5e9-3372-4533-9381-27dcea900f50
GalaCake,10.41.220.36,10.41.220.0/24,GALLATIN-W15,SHA,SHA,China East,"EOP: CN-SHAFFOCN - IPv4_CAP - CORE","EOP: GALLATIN-W15-SHAFFOCN - IPv4_CAP - CORE",530fa8e0-f211-40f3-b39f-d4f707ada8dc
GalaCake,42.159.164.39,42.159.164.0/24,GALLATIN-W15,SHA,SHA,China East,"EOP: CN-SHAFFOCN - IPv4_1101/1102 - IPV4_HRI","EOP: GALLATIN-W15-SHAFFOCN - IPv4_1101/1102 - IPV4_HRI",5d400de4-fe37-44ac-80f9-263bbbae011f
